{"Train accuracy": 0.836878680176118, "_timestamp": 1716342385.956924, "_runtime": 0.8324859142303467, "_step": 1, "Test accuracy": 0.7343517929132187, "_wandb": {"runtime": 0}}