{"Train accuracy": 0.7814970028115219, "_timestamp": 1716342082.1264682, "_runtime": 0.8360421657562256, "_step": 1, "Test accuracy": 0.746658179503501, "_wandb": {"runtime": 0}}